GeneName	PatientID	VariantPosition	FunctionalImpact	CADDscore	Entrez.Gene.ID	Ensembl.Gene.ID	HTZinSLO	HMZinSLO	HEMinSLO	GnomADAlleleCount	GnomADHMZ	SIFT	PolyPhen2	MetaSVM	MutationTaster	SplicingPredictionScore	ClinVar	SIFT_modified	PolyPhen2_modified	MutationTaster_modified
CEP89	DUMMY_RX6651	chr19:33450920C>A	MODERATE	9.648	84902	ENSG00000121289	1	0	NA	17	0	D	P	T	N	-1	.	-1	-1	-1
PAK4	DUMMY_RX6651	chr19:39660386G>A	MODERATE	24.5	10298	ENSG00000130669	1	0	NA	9	0	T	P	T	N	-1	.	-1	-1	-1
SLA2	DUMMY_RX6651	chr20:35262953G>A	MODERATE	27.9	84174	ENSG00000101082	4	0	NA	649	3	D	D	T	D	-1	.	-1	-1	-1
FBN3	DUMMY_RX6651	chr19:8174511T>C	HIGH	-1	84467	ENSG00000142449	478	26	NA	20052	1158	.	.	.	.	0.956803732328	.	-1	-1	-1
KIAA0408	DUMMY_RX6651	chr6:127767954G>A	MODERATE	12.27	9729	ENSG00000189367	4	0	NA	1476	6	D	B	T	N	-1	.	-1	-1	-1
PPEF2	DUMMY_RX6651	chr4:76805745A>G	HIGH	26.5	5470	ENSG00000156194	32	2	NA	6345	107	.	.	.	D	0.999676550032	.	-1	-1	-1
RPRD1A	DUMMY_RX6651	chr18:33611063delAAA	LOW	-1	55197	ENSG00000141425	2	0	NA	949	0	.	.	.	.	-1	.	-1	-1	-1
RDH16	DUMMY_RX6651	chr12:57348759C>T	MODERATE	26.2	8608	ENSG00000139547	0	0	NA	47	0	D	D	D	D	-1	.	-1	-1	-1
CDC42EP5	DUMMY_RX6651	chr19:54976709C>T	MODERATE	22.4	148170	ENSG00000167617	5	0	NA	597	1	D	B	T	N	-1	.	-1	-1	-1
PIGC	DUMMY_RX6651	chr1:172411087G>A	MODERATE	15.28	5279	ENSG00000135845	8	0	NA	1388	5	T	B	T	N	-1	.	-1	-1	-1
ASB16	DUMMY_RX6651	chr17:42254428G>A	MODERATE	18.01	92591	ENSG00000161664	0	0	NA	0	0	.	B	T	N	-1	.	-1	-1	-1
CCDC155	DUMMY_RX6651	chr19:49900978C>T	LOW	-1	147872	ENSG00000161609	1	0	NA	38	0	.	.	.	.	0.00474208210993	.	-1	-1	-1
HLA-C	DUMMY_RX6651	chr6:31237987C>T	HIGH	22.5	3107	ENSG00000204525	619	62	NA	15299	1997	T	B	T	P	0.999849840335	.	-1	-1	-1-1-1
B4GALNT3	DUMMY_RX6651	chr12:654060C>G	MODERATE	4.682	283358	ENSG00000139044	0	0	NA	1	0	T	B	T	D	-1	.	-1	-1	-1
WDR91	DUMMY_RX6651	chr7:134896167C>A	MODERATE	22.2	29062	ENSG00000105875	8	0	NA	812	2	T	B	T	D	-1	.	-1	-1	-1
GAL3ST3	DUMMY_RX8300	chr11:65810502C>G	MODERATE	27.3	89792	ENSG00000175229	1	0	NA	8	0	D	D	T	D	-1	.	-1	-1	-1
NUP188	DUMMY_RX8300	chr9:131733194A>G	MODERATE	31.0	23511	ENSG00000095319	0	0	NA	0	0	D	D	T	D	-1	.	-1	-1	-1
CCM2L	DUMMY_RX8300	chr20:30605977delGGGGGCGGGGGCGGGGGAGGGGC	MODIFIER	-1	140706	ENSG00000101331	0	1	NA	99	49	.	.	.	.	-1	.	-1	-1	-1
TECPR1	DUMMY_RX8300	chr7:97861163G>A	MODERATE	25.4	25851	ENSG00000205356	10	0	NA	162	1	D	P	T	N	-1	.	-1	-1	-1
TMEM79	DUMMY_RX8300	chr1:156256257G>A	MODERATE	18.64	84283	ENSG00000163472	10	0	NA	1374	6	T	B	T	N	-1	.	-1	-1	-1
TBC1D8B	DUMMY_RX8300	chrX:106092451delTTTTTT	MODIFIER	-1	54885	ENSG00000133138	0	0	NA	0	0	.	.	.	.	-1	.	-1	-1	-1
RTEL1	DUMMY_RX8300	chr20:62326579G>T	HIGH	-1	51750	ENSG00000258366	133	9	NA	35730	4008	.	.	.	.	0.93982165562	Benign	-1	-1	-1
CCDC168	DUMMY_RX8300	chr13:103394421T>C	MODERATE	-1	643677	ENSG00000175820	3	0	NA	396	2	.	.	.	.	-1	.	-1	-1	-1
OSGEPL1	DUMMY_RX8300	chr2:190618805A>C	MODIFIER	-1	64172	ENSG00000128694	9	0	NA	1096	4	.	.	.	.	-1	.	-1	-1	-1
CLLU1OS	DUMMY_RX8300	chr12:92816410A>T	MODERATE	7.677	574016	ENSG00000205057	0	0	NA	0	0	D	P	T	N	-1	.	-1	-1	-1
TRIM65	DUMMY_RX8300	chr17:73887152C>A	MODERATE	0.092	201292	ENSG00000141569	3	0	NA	9	0	T	B	T	N	-1	.	-1	-1	-1
SCN10A	DUMMY_RX8300	chr3:38766768insA	HIGH	-1	6336	ENSG00000185313	1	0	NA	0	0	.	.	.	.	-1	.	-1	-1	-1
YIF1B	DUMMY_RX8300	chr19:38795106G>C	MODERATE	2.922	90522	ENSG00000167645	2	0	NA	5	0	D	P	T	N	-1	.	-1	-1	-1
ZNF559	DUMMY_RX8300	chr19:9434859G>A	MODERATE	-1	84527	ENSG00000188321	1	0	NA	191	0	.	.	.	.	-1	.	-1	-1	-1
DIS3L2	DUMMY_RX8300	chr2:232889039C>T	MODERATE	28.9	129563	ENSG00000144535	10	0	NA	193	1	D	P	T	D	0.586739113223	Conflicting_interpretations_of_pathogenicity	-1	-1	-1
NCOA2	DUMMY_RX9350	chr8:71039122C>T	MODERATE	26.3	10499	ENSG00000140396	4	0	NA	243	1	.	.	T	D	-1	.	-1	-1	-1
DUX4L2	DUMMY_RX9350	chr10:135491584C>T	MODIFIER	-1	728410	ENSG00000280457	6	3	NA	0	0	.	.	.	.	-1	.	-1	-1	-1
MAN1C1	DUMMY_RX9350	chr1:25944584delGGG	MODERATE	-1	57134	ENSG00000117643	0	0	NA	0	0	.	.	.	.	-1	.	-1	-1	-1
HS1BP3	DUMMY_RX9350	chr2:20845095C>T	HIGH	-1	64342	ENSG00000118960	15	0	NA	838	0	.	.	.	.	0.999971063005	.	-1	-1	-1
CD1C	DUMMY_RX9350	chr1:158262544A>G	MODERATE	18.87	911	ENSG00000158481	4	0	NA	193	1	D	D	T	N	-1	.	-1	-1	-1
OR51B5	DUMMY_RX9350	chr11:5410956C>A	MODERATE	9.548	282763	ENSG00000242180	3	0	NA	370	0	D	B	T	N	-1	.	-1	-1	-1
HSPA12B	DUMMY_RX9350	chr20:3726664G>A	MODERATE	23.6	116835	ENSG00000132622	10	0	NA	1737	13	T	B	T	D	-1	.	-1	-1	-1
CES5A	DUMMY_RX9350	chr16:55905676C>T	HIGH	15.01	221223	ENSG00000159398	155	11	NA	22555	1329	.	.	.	P	0.999963884238	.	-1	-1	-1-1-1
LRPPRC	DUMMY_RX9350	chr2:44173361A>T	MODERATE	17.4	10128	ENSG00000138095	4	0	NA	8	0	D	P	T	D	-1	.	-1	-1	-1
RAB38	DUMMY_RX9350	chr11:87908346C>G	HIGH	-1	23682	ENSG00000123892	275	90	NA	67346	10740	.	.	.	.	0.996417128336	.	-1	-1	-1
ARMCX5-GPRASP2	DUMMY_RX9350	chrX:101970495C>T	MODERATE	2.2	100528062	ENSG00000271147	2	0	NA	75	0	T	B	T	N	-1	.	-1	-1	-1
AIFM2	DUMMY_RX9350	chr10:71880980delA	MODIFIER	-1	84883	ENSG00000042286	0	0	NA	0	0	.	.	.	.	-1	.	-1	-1	-1
UBD	DUMMY_RX9350	chr6:29523982T>A	MODERATE	7.665	10537	ENSG00000213886	2	0	NA	1	0	D	P	T	N	-1	.	-1	-1	-1
MICALCL	DUMMY_RX9350	chr11:12316375delCTCCTCCTCCTCCTA	MODERATE	-1	84953	ENSG00000133808	1	0	NA	15	1	.	.	.	.	-1	.	-1	-1	-1
KIF23	DUMMY_RX9350	chr15:69721433C>T	MODIFIER	-1	9493	ENSG00000137807	7	0	NA	23	0	.	.	.	.	-1	.	-1	-1	-1
BYSL	DUMMY_RX5846	chr6:41899163T>C	MODERATE	22.4	705	ENSG00000112578	0	0	NA	11	0	D	P	T	D	-1	.	-1	-1	-1
SPATA22	DUMMY_RX5846	chr17:3372580C>G	MODERATE	17.66	84690	ENSG00000141255	0	0	NA	1	0	D	D	T	D	-1	.	-1	-1	-1
COL12A1	DUMMY_RX5846	chr6:75861578C>T	HIGH	-1	1303	ENSG00000111799	34	1	NA	682	0	.	.	.	.	0.999927981422	Likely_benign	-1	-1	-1
MTR	DUMMY_RX5846	chr1:237024416C>G	MODIFIER	-1	4548	ENSG00000116984	0	0	NA	0	0	.	.	.	.	3.10213980422e-05	.	-1	-1	-1
RGPD3	DUMMY_RX5846	chr2:107040243G>A	MODERATE	25.3	653489	ENSG00000153165	6	0	NA	239	3	D	D	D	D	-1	.	-1	-1	-1
PCDHGA5	DUMMY_RX5846	chr5:140788107C>T	MODERATE	16.81	56110	ENSG00000253485	8	0	NA	373	0	D	D	T	D	-1	.	-1	-1	-1
PCDHA5	DUMMY_RX5846	chr5:140346805A>C	MODERATE	18.49	56143	ENSG00000204965	0	0	NA	0	0	D	B	T	D	-1	.	-1	-1	-1
RGPD8	DUMMY_RX5846	chr2:113181887delA	LOW	-1	727851	ENSG00000169629	0	0	NA	15	0	.	.	.	.	-1	.	-1	-1	-1
PARD3	DUMMY_RX5846	chr10:35103786G>C	MODIFIER	-1	56288	ENSG00000148498	0	0	NA	64	0	.	.	.	.	-1	.	-1	-1	-1
YIPF2	DUMMY_RX5846	chr19:11034642G>A	MODERATE	19.68	78992	ENSG00000130733	2	0	NA	2	0	D	B	T	D	-1	.	-1	-1	-1
DAAM2	DUMMY_RX5846	chr6:39865007T>C	MODERATE	19.77	23500	ENSG00000146122	10	0	NA	944	4	D	B	T	D	-1	.	-1	-1	-1
SYT1	DUMMY_RX5846	chr12:79679762C>A	MODIFIER	-1	6857	ENSG00000067715	1	0	NA	259	0	.	.	.	.	-1	.	-1	-1	-1
PCDHGA8	DUMMY_RX5846	chr5:140890616G>A	MODERATE	21.8	9708	ENSG00000253767	0	0	NA	58	0	D	D	T	D	-1	.	-1	-1	-1
CIAO1	DUMMY_RX5846	chr2:96933042C>G	MODIFIER	-1	9391	ENSG00000144021	1	0	NA	16	0	.	.	.	.	-1	.	-1	-1	-1
SOX6	DUMMY_RX5846	chr11:16362593C>T	MODERATE	24.9	55553	ENSG00000110693	2	0	NA	316	2	D	P	D	D	-1	.	-1	-1	-1
TCF7L1	DUMMY_RX9066	chr2:85529698insCCCCC	HIGH	-1	83439	ENSG00000152284	0	0	NA	0	0	.	.	.	.	-1	.	-1	-1	-1
YTHDC2	DUMMY_RX9066	chr5:112901694G>C	MODERATE	24.0	64848	ENSG00000047188	0	0	NA	0	0	D	P	T	D	-1	.	-1	-1	-1
CENPF	DUMMY_RX9066	chr1:214830684T>G	MODERATE	0.006	1063	ENSG00000117724	0	0	NA	0	0	T	B	T	N	-1	.	-1	-1	-1
TNRC6A	DUMMY_RX9066	chr16:24801806G>A	MODERATE	22.7	27327	ENSG00000090905	4	0	NA	180	1	T	B	T	D	-1	.	-1	-1	-1
OR9I1	DUMMY_RX9066	chr11:57886331C>T	MODERATE	9.16	219954	ENSG00000172377	0	0	NA	4	0	D	P	T	N	-1	.	-1	-1	-1
FKRP	DUMMY_RX9066	chr19:47259248C>A	MODERATE	14.66	79147	ENSG00000181027	2	0	NA	10	0	T	B	D	N	-1	Uncertain_significance	-1	-1	-1
ACAD8	DUMMY_RX9066	chr11:134131274C>T	LOW	-1	27034	ENSG00000151498	0	0	NA	0	0	.	.	.	.	0.000281964794354	.	-1	-1	-1
TRIM6	DUMMY_RX9066	chr11:5631479A>C	HIGH	-1	117854	ENSG00000121236	335	199	NA	89232	19173	.	.	.	.	0.951927338653	.	-1	-1	-1
GDE1	DUMMY_RX9066	chr16:19522195G>A	MODERATE	21.2	51573	ENSG00000006007	0	0	NA	0	0	T	B	T	D	-1	.	-1	-1	-1
IGSF6	DUMMY_RX9066	chr16:21654459C>T	MODERATE	21.8	10261	ENSG00000140749	4	0	NA	147	0	D	B	T	D	-1	.	-1	-1	-1
VSIG2	DUMMY_RX9066	chr11:124619767delA	LOW	-1	23584	ENSG00000019102	3	0	NA	0	0	.	.	.	.	-1	.	-1	-1	-1
PLA2G4B	DUMMY_RX9066	chr15:42139038G>A	HIGH	-1	100137049	ENSG00000243708	190	440	NA	193588	78330	.	.	.	.	0.999616383997	.	-1	-1	-1
DST	DUMMY_RX9066	chr6:56426931C>T	HIGH	-1	667	ENSG00000151914	1211	454	NA	56486	10793	.	.	.	.	0.908042246233	Benign	-1	-1	-1
SCN7A	DUMMY_RX9066	chr2:167289012T>A	MODERATE	8.835	6332	ENSG00000136546	5	0	NA	932	12	D	P	T	N	-1	.	-1	-1	-1
DUX4	DUMMY_RX9066	chr10:135491583C>T	MODIFIER	-1	100288687	ENSG00000260596	2	1	NA	0	0	.	.	.	.	-1	.	-1	-1	-1
TAB3	DUMMY_RX3786	chrX:30877802delA	LOW	-1	257397	ENSG00000157625	8	0	NA	0	0	.	.	.	.	-1	.	-1	-1	-1
MICAL2	DUMMY_RX3786	chr11:12183775T>G	MODERATE	27.2	9645	ENSG00000133816	1	0	NA	539	1	D	D	T	D	-1	.	-1	-1	-1
CSMD3	DUMMY_RX3786	chr8:113392677delTTG	MODERATE	-1	114788	ENSG00000164796	0	0	NA	3	0	.	.	.	.	-1	.	-1	-1	-1
NBPF10	DUMMY_RX3786	chr1:146400208A>C	MODERATE	4.495	100132406	ENSG00000271425	1	0	NA	5	1	D	B	T	N	-1	.	-1	-1	-1
NUP35	DUMMY_RX3786	chr2:183995175G>T	MODERATE	16.56	129401	ENSG00000163002	9	0	NA	125	0	T	B	T	D	-1	.	-1	-1	-1
MYH8	DUMMY_RX3786	chr17:10298724C>T	MODERATE	20.3	4626	ENSG00000133020	0	0	NA	105	3	D	B	D	D	-1	Uncertain_significance	-1	-1	-1
RREB1	DUMMY_RX3786	chr6:7231822C>T	MODERATE	20.4	6239	ENSG00000124782	0	0	NA	3	0	T	B	T	N	-1	.	-1	-1	-1
PARP16	DUMMY_RX3786	chr15:65555607G>C	MODERATE	22.7	54956	ENSG00000138617	0	0	NA	109	0	T	B	T	D	-1	.	-1	-1	-1
ABCA7	DUMMY_RX3786	chr19:1049447delAACCACT	MODIFIER	-1	10347	ENSG00000064687	0	0	NA	0	0	.	.	.	.	-1	.	-1	-1	-1
TTC28	DUMMY_RX3786	chr22:29075678T>C	MODERATE	8.068	23331	ENSG00000100154	0	0	NA	1	0	T	B	T	N	-1	.	-1	-1	-1
POTEE	DUMMY_RX3786	chr2:132021447G>A	MODERATE	11.66	445582	ENSG00000188219	0	0	NA	28	0	D	D	D	D	-1	.	-1	-1	-1
ACKR4	DUMMY_RX3786	chr3:132320148delTA	HIGH	-1	51554	ENSG00000129048	0	0	NA	7	0	.	.	.	.	-1	.	-1	-1	-1
PLA2G4B	DUMMY_RX3786	chr15:42132793G>A	MODERATE	19.04	100137049	ENSG00000243708	0	0	NA	0	0	T	P	T	D	-1	.	-1	-1	-1
NXF3	DUMMY_RX3786	chrX:102339683C>T	MODERATE	3.228	56000	ENSG00000147206	0	0	NA	0	0	T	B	T	N	-1	.	-1	-1	-1
PRSS2	DUMMY_RX3786	chr7:142481239A>G	MODIFIER	-1	5645	ENSG00000275896	5	2	NA	5	0	.	.	.	.	-1	.	-1	-1	-1
TOR1AIP1	DUMMY_RX9195	chr1:179858444G>A	HIGH	9.721	26092	ENSG00000143337	287	295	NA	159624	52839	.	.	.	P	0.999967480574	Conflicting_interpretations_of_pathogenicity	-1	-1	-1-1-1
LRRN1	DUMMY_RX9195	chr3:3887802G>A	MODERATE	21.7	57633	ENSG00000175928	0	0	NA	0	0	D	D	D	D	-1	.	-1	-1	-1
RAD50	DUMMY_RX9195	chr5:131953758A>T	LOW	-1	10111	ENSG00000113522	3	0	NA	837	11	.	.	.	.	7.02857928869e-05	Benign	-1	-1	-1
LILRA3	DUMMY_RX9195	chr19:54802546C>T	MODERATE	0.64	11026		0	0	NA	28	6	D	P	T	N	-1	.	-1	-1	-1
SEC14L3	DUMMY_RX9195	chr22:30867943C>T	HIGH	23.9	266629	ENSG00000100012	0	0	NA	1	0	D	P	T	D	-1	.	-1	-1	-1
BRD3	DUMMY_RX9195	chr9:136905269delCTTCTC	MODERATE	-1	8019	ENSG00000169925	2	0	NA	70	0	.	.	.	.	-1	.	-1	-1	-1
DHX30	DUMMY_RX9195	chr3:47891339T>C	MODIFIER	-1	22907	ENSG00000132153	2	0	NA	6	0	.	.	.	.	-1	.	-1	-1	-1
NPHS2	DUMMY_RX9195	chr1:179526191C>G	MODERATE	22.2	7827	ENSG00000116218	2	0	NA	191	2	D	P	D	D	-1	Likely_benign	-1	-1	-1
RET	DUMMY_RX9195	chr10:43610177A>G	MODERATE	24.4	5979	ENSG00000165731	1	0	NA	2	0	D	D	D	D	-1	Uncertain_significance	-1	-1	-1
KIAA0368	DUMMY_RX9195	chr9:114124457insA	LOW	-1	23392	ENSG00000136813	3	0	NA	7182	0	.	.	.	.	-1	.	-1	-1	-1
DYRK3	DUMMY_RX9195	chr1:206822258A>G	MODERATE	27.3	8444	ENSG00000143479	0	0	NA	3	0	D	B	T	D	-1	.	-1	-1	-1
UBTD2	DUMMY_RX9195	chr5:171710619C>A	MODERATE	21.1	92181	ENSG00000168246	1	0	NA	39	0	T	B	T	D	-1	.	-1	-1	-1
DNAH3	DUMMY_RX9195	chr16:21060882delAG	LOW	-1	55567	ENSG00000158486	1	0	NA	5	0	.	.	.	.	-1	.	-1	-1	-1
SLC43A1	DUMMY_RX9195	chr11:57261522G>A	MODERATE	4.738	8501	ENSG00000149150	10	0	NA	278	0	T	B	T	N	-1	.	-1	-1	-1
FANCA	DUMMY_RX9195	chr16:89838086C>A	HIGH	16.91	2175	ENSG00000187741	141	0	NA	5426	75	T	B	T	D	0.99581876461	Benign/Likely_benign	-1	-1	-1
MRPL9	DUMMY_RX4615	chr1:151733380insAAAAAAAAAAAAAAAAA	LOW	-1	65005	ENSG00000143436	3	0	NA	0	0	.	.	.	.	-1	.	-1	-1	-1
LILRB2	DUMMY_RX4615	chr19:54783810T>C	MODERATE	0.401	10288	ENSG00000131042	0	0	NA	6	0	T	B	T	D	-1	.	-1	-1	-1
NBPF8	DUMMY_RX4615	chr1:144823897T>C	LOW	0.005	728841	ENSG00000270231	5	0	NA	2	0	.	.	T	N	-1	.	-1	-1	-1
SPECC1	DUMMY_RX4615	chr17:19999999T>G	MODERATE	2.264	92521	ENSG00000128487	4	0	NA	820	2	T	B	T	N	-1	.	-1	-1	-1
CMTM3	DUMMY_RX4615	chr16:66643778G>A	LOW	-1	123920	ENSG00000140931	5	1	NA	1114	6	.	.	.	.	6.19602151407e-05	.	-1	-1	-1
SLC16A8	DUMMY_RX4615	chr22:38478793C>T	MODERATE	22.7	23539	ENSG00000100156	1	0	NA	80	0	D	D	T	D	-1	.	-1	-1	-1
PKHD1	DUMMY_RX4615	chr6:51923409A>T	HIGH	-1	5314	ENSG00000170927	743	57	NA	36003	2920	.	.	.	.	0.601294999325	Benign/Likely_benign	-1	-1	-1
CCM2	DUMMY_RX4615	chr7:45113170G>A	HIGH	-1	83605	ENSG00000136280	946	127	NA	55495	6824	.	.	.	.	0.999739304215	Benign	-1	-1	-1
DUX4	DUMMY_RX4615	chr10:135491583C>T	MODIFIER	-1	100288687	ENSG00000260596	2	1	NA	0	0	.	.	.	.	-1	.	-1	-1	-1
EVL	DUMMY_RX4615	chr14:100594947delACCTCCA	HIGH	-1	51466	ENSG00000196405	0	0	NA	326	0	.	.	.	.	-1	.	-1	-1	-1
CCDC40	DUMMY_RX4615	chr17:78063984delAACACGGGACGCACGCAGGCACGTGCACGAAG	HIGH	-1	55036	ENSG00000141519	1	0	NA	1010	5	.	.	.	.	-1	.	-1	-1	-1
VWA3A	DUMMY_RX4615	chr16:22108285insTT	MODIFIER	-1	146177	ENSG00000175267	6	0	NA	1276	3	.	.	.	.	-1	.	-1	-1	-1
ARAP3	DUMMY_RX4615	chr5:141060074G>T	LOW	-1	64411	ENSG00000120318	2	0	NA	292	0	.	.	.	.	0.00187511105446	.	-1	-1	-1
SLC2A14	DUMMY_RX4615	chr12:7966935T>A	HIGH	35.0	144195	ENSG00000173262	0	0	NA	1	0	.	.	.	N	-1	.	-1	-1	-1
AZU1	DUMMY_RX4615	chr19:830841G>A	MODERATE	19.25	566	ENSG00000172232	1	0	NA	421	1	T	B	T	N	-1	.	-1	-1	-1
OR4X2	DUMMY_RX2314	chr11:48267353G>T	MODERATE	21.7	119764	ENSG00000172208	0	0	NA	6	0	T	P	T	N	-1	.	-1	-1	-1
LRP12	DUMMY_RX2314	chr8:105507439insT	HIGH	-1	29967	ENSG00000147650	0	0	NA	1	0	.	.	.	.	-1	.	-1	-1	-1
XKR7	DUMMY_RX2314	chr20:30556574G>T	MODIFIER	-1	343702	ENSG00000260903	9	0	NA	746	8	.	.	.	.	-1	.	-1	-1	-1
PLA2G4B	DUMMY_RX2314	chr15:42139038G>A	HIGH	-1	100137049	ENSG00000243708	190	440	NA	193588	78330	.	.	.	.	0.999616383997	.	-1	-1	-1
ADAM8	DUMMY_RX2314	chr10:135087346C>T	LOW	-1	101	ENSG00000151651	0	0	NA	47	0	.	.	.	.	6.63193772656e-05	.	-1	-1	-1
GPRASP2	DUMMY_RX2314	chrX:101970495C>T	MODERATE	2.2	114928	ENSG00000158301	2	0	NA	75	0	T	B	T	N	-1	.	-1	-1	-1
JMJD7-PLA2G4B	DUMMY_RX2314	chr15:42139038G>A	HIGH	-1	8681	ENSG00000168970	190	440	NA	193588	78330	.	.	.	.	0.999616383997	.	-1	-1	-1
PER3	DUMMY_RX2314	chr1:7869953C>G	HIGH	18.23	8863	ENSG00000049246	33	0	NA	1409	12	D	D	T	D	0.831772693808	Pathogenic	-1	-1	-1
ANO9	DUMMY_RX2314	chr11:433417C>T	MODERATE	2.002	338440	ENSG00000185101	5	0	NA	192	1	T	B	T	N	-1	.	-1	-1	-1
CD93	DUMMY_RX2314	chr20:23065968G>C	MODERATE	15.96	22918	ENSG00000125810	0	0	NA	16	0	D	P	T	N	-1	.	-1	-1	-1
COLEC12	DUMMY_RX2314	chr18:334742C>T	HIGH	19.2	81035	ENSG00000158270	301	158	NA	58024	13197	D	D	T	P	0.925494670891	.	-1	-1	-1-1-1
TDG	DUMMY_RX2314	chr12:104379509insGGAGTTAAGAGGAG	LOW	-1	6996	ENSG00000139372	1	0	NA	0	0	.	.	.	.	-1	.	-1	-1	-1
TRIM39-RPP21	DUMMY_RX2314	chr6:30312958C>T	MODERATE	16.22	202658	ENSG00000248167	9	0	NA	494	1	T	B	T	N	-1	.	-1	-1	-1
PPIL2	DUMMY_RX2314	chr22:22049783C>T	HIGH	13.51	23759	ENSG00000100023	310	82	NA	73890	13329	D	B	T	P	0.946464606468	.	-1	-1	-1-1-1
LY6D	DUMMY_RX2314	chr8:143867864T>A	MODIFIER	-1	8581	ENSG00000167656	0	0	NA	0	0	.	.	.	.	-1	.	-1	-1	-1
SLC9B1	DUMMY_RX8007	chr4:103832610C>T	MODERATE	0.786	150159	ENSG00000164037	9	0	NA	122	0	T	B	T	N	-1	.	-1	-1	-1
MYH3	DUMMY_RX8007	chr17:10552931insTGCTTGATCTCGTAACAGAACTCCTGCTGGCAAGAAGGGAGTGTTAGGGCTGATGCCTGGGCCTGGGCCTCCGCCG	HIGH	-1	4621	ENSG00000109063	0	0	NA	0	0	.	.	.	.	-1	.	-1	-1	-1
GABRB2	DUMMY_RX8007	chr5:160763793delAC	MODIFIER	-1	2561	ENSG00000145864	1	0	NA	1073	2	.	.	.	.	-1	Benign	-1	-1	-1
DYNC2H1	DUMMY_RX8007	chr11:103158319G>A	MODERATE	26.0	79659	ENSG00000187240	1	0	NA	1	0	T	P	T	D	-1	.	-1	-1	-1
COL15A1	DUMMY_RX8007	chr9:101830877G>A	MODERATE	25.2	1306	ENSG00000204291	3	0	NA	62	0	T	D	T	D	-1	.	-1	-1	-1
BTN2A1	DUMMY_RX8007	chr6:26458906insCTTCCTCCT	MODERATE	-1	11120	ENSG00000112763	6	0	NA	0	0	.	.	.	.	-1	.	-1	-1	-1
ANKRD36	DUMMY_RX8007	chr2:97833342G>A	HIGH	-1	375248	ENSG00000135976	653	2	NA	67921	20	.	.	.	.	0.99998936474	.	-1	-1	-1
PCDHA12	DUMMY_RX8007	chr5:140346805A>C	MODERATE	18.49	56137	ENSG00000251664	0	0	NA	0	0	D	B	T	D	-1	.	-1	-1	-1
ASH2L	DUMMY_RX8007	chr8:37963081G>C	MODERATE	14.29	9070	ENSG00000129691	7	0	NA	1291	9	D	D	T	D	-1	.	-1	-1	-1
OR52B6	DUMMY_RX8007	chr11:5602951G>A	MODERATE	11.12	340980	ENSG00000187747	4	0	NA	123	1	D	B	T	N	-1	.	-1	-1	-1
CATSPER4	DUMMY_RX8007	chr1:26526554G>A	HIGH	-1	378807	ENSG00000188782	922	114	NA	43772	4513	.	.	.	.	0.946556646009	.	-1	-1	-1
KIAA2026	DUMMY_RX8007	chr9:5921697delAAT	MODERATE	-1	158358	ENSG00000183354	1	0	NA	408	3	.	.	.	.	-1	.	-1	-1	-1
MUC5B	DUMMY_RX8007	chr11:1260745insGCGC	HIGH	-1	727897	ENSG00000117983	1	0	NA	0	0	.	.	.	.	-1	.	-1	-1	-1
NBPF9	DUMMY_RX8007	chr1:145293274T>G	HIGH	-1	400818	ENSG00000269713	339	0	NA	0	0	.	.	.	.	0.816533420883	.	-1	-1	-1
RPN2	DUMMY_RX8007	chr20:35807694T>C	MODERATE	8.466	6185	ENSG00000118705	5	0	NA	31	0	.	.	T	N	-1	.	-1	-1	-1
